Date,Price,High,Low,Volume,Last Close,Change,Var%,Open
2018-01-29,3.08,0,0,0,3.08,0.03,0.9,3.05
2018-01-26,3.05,0,0,0,3.05,-0.06,-1.8,3.11
2018-01-25,3.11,0,0,0,3.11,0,0.11,3.11
2018-01-22,3.08,0,0,0,3.08,0.02,0.65,3.06
2018-01-19,3.06,0,0,0,3.06,-0.02,-0.63,3.08
2018-01-18,3.07,0,0,0,3.07,0.03,0.87,3.04
2018-01-17,3.05,0,0,0,3.05,0.03,0.93,3.02
2018-01-16,3.02,0,0,0,3.02,0.03,0.87,2.99
2018-01-15,2.99,0,0,0,2.99,0.02,0.54,2.97
2018-01-12,2.98,0,0,0,2.98,0.01,0.27,2.97
2018-01-11,2.97,0,0,0,2.97,0,0,2.97
2018-01-10,3.02,0,0,0,3.02,0.02,0.52,3
2018-01-09,3.01,0,0,0,3.01,-0.01,-0.3,3.02
2018-01-08,3.01,0,0,0,3.01,-0.01,-0.3,3.02
2018-01-05,3.02,0,0,0,3.02,-0.06,-1.99,3.08
2018-01-04,3.08,3.09,3.09,1329,3.08,0.02,0.57,3.06
2018-01-03,3.07,0,0,0,3.07,-0.01,-0.29,3.08
2018-01-02,3.08,0,0,0,3.08,0,0.1,3.08
2017-12-29,3.07,0,0,0,3.07,0,0,3.07
2017-12-28,3.06,0,0,0,3.06,-0.01,-0.39,3.07
2017-12-27,3.07,0,0,0,3.07,0.08,2.74,2.99
2017-12-22,2.99,0,0,0,2.99,0,0,2.99
2017-12-21,2.98,0,0,0,2.98,0.01,0.29,2.97
2017-12-20,2.97,0,0,0,2.97,0,-0.05,2.97
2017-12-19,2.98,0,0,0,2.98,-0.02,-0.6,3
2017-12-18,2.99,0,0,0,2.99,0.02,0.81,2.97
2017-12-15,2.97,0,0,0,2.97,0.01,0.49,2.96
2017-12-13,2.96,0,0,0,2.96,0,0,2.96
2017-12-12,2.94,0,0,0,2.94,0,-0.08,2.94
2017-12-11,2.95,0,0,0,2.95,-0.02,-0.81,2.97
2017-12-08,2.97,0,0,1329,2.97,0,-0.02,2.97
2017-12-07,2.97,0,0,0,2.97,-0.04,-1.33,3.01
2017-12-05,3.05,0,0,0,3.05,0,0,3.05
2017-12-04,3.05,3.04,3.04,4002,3.05,0,-0.11,3.05
2017-12-01,3.05,0,0,5000,3.05,-0.07,-2.26,3.12
2017-11-30,3.12,0,0,0,3.12,0,0.03,3.12
2017-11-29,3.12,0,0,0,3.12,0.01,0.32,3.11
2017-11-28,3.11,0,0,0,3.11,0,-0.05,3.11
2017-11-27,3.12,0,0,0,3.12,0.03,0.84,3.09
2017-11-24,3.09,0,0,0,3.09,0,-0.08,3.09
2017-11-23,3.09,0,0,0,3.09,0.02,0.68,3.07
2017-11-22,3.07,0,0,358,3.07,0.02,0.77,3.05
2017-11-21,3.05,0,0,0,3.05,0.02,0.71,3.03
2017-11-20,3.03,3.24,2.91,0,3.03,-0.03,-1.03,3.06
2017-11-17,3.06,0,0,0,3.06,0,0.05,3.06
2017-11-16,3.06,0,0,0,3.06,0,-0.13,3.06
2017-11-15,3.06,0,0,0,3.06,-0.03,-1.05,3.09
2017-11-14,3.09,0,0,0,3.09,-0.03,-1.02,3.12
2017-11-13,3.12,0,0,0,3.12,0.01,0.18,3.11
2017-11-10,3.12,3.14,3.14,640,3.12,-0.04,-1.39,3.16
2017-11-09,3.16,3.16,3.16,1781,3.16,-0.02,-0.55,3.18
2017-11-08,3.18,0,0,0,3.18,-0.02,-0.67,3.2
2017-11-07,3.2,0,0,0,3.2,-0.05,-1.66,3.25
2017-11-06,3.26,0,0,0,3.26,-0.01,-0.38,3.27
2017-11-03,3.27,0,0,0,3.27,0.04,1.24,3.23
2017-11-02,3.23,3.24,3.24,1781,3.23,-0.06,-1.72,3.29
2017-11-01,3.28,0,0,0,3.28,0.02,0.67,3.26
2017-10-31,3.26,3.22,3.22,500,3.26,0.05,1.52,3.21
2017-10-30,3.21,0,0,0,3.21,0.08,2.49,3.13
2017-10-27,3.14,0,0,0,3.14,0,-0.08,3.14
2017-10-26,3.14,0,0,0,3.14,0.02,0.69,3.12
2017-10-25,3.12,0,0,0,3.12,0.02,0.69,3.1
2017-10-24,3.1,0,0,0,3.1,0.02,0.73,3.08
2017-10-23,3.07,0,0,0,3.07,0,0.1,3.07
2017-10-20,3.07,0,0,0,3.07,-0.01,-0.2,3.08
2017-10-19,3.08,3.05,3.05,400,3.08,0.04,1.35,3.04
2017-10-18,3.04,0,0,0,3.04,-0.03,-0.91,3.07
2017-10-17,3.06,0,0,0,3.06,0,0.03,3.06
2017-10-16,3.06,0,0,0,3.06,0.02,0.57,3.04
2017-10-13,3.04,0,0,0,3.04,-0.03,-0.96,3.07
2017-10-12,3.07,0,0,0,3.07,-0.01,-0.32,3.08
2017-10-11,3.08,0,0,0,3.08,0.02,0.69,3.06
2017-10-10,3.06,0,0,0,3.06,0.03,1.14,3.03
2017-10-09,3.03,0,0,0,3.03,-0.01,-0.35,3.04
2017-10-06,3.04,3.03,3.03,8200,3.04,0.02,0.66,3.02
2017-10-05,3.02,0,0,0,3.02,0,-0.15,3.02
2017-10-04,3.02,0,0,0,3.02,0.02,0.8,3
2017-10-03,3,0,0,0,3,0,-0.15,3
2017-10-02,3,0,0,0,3,0.04,1.4,2.96
2017-09-29,2.96,0,0,0,2.96,0,0.15,2.96
2017-09-28,2.96,0,0,0,2.96,0.01,0.2,2.95
2017-09-27,2.95,0,0,0,2.95,0.03,1.15,2.92
2017-09-26,2.92,0,0,0,2.92,0.01,0.45,2.91
2017-09-25,2.91,0,0,0,2.91,-0.06,-1.99,2.97
2017-09-22,2.96,0,0,0,2.96,-0.02,-0.59,2.98
2017-09-15,2.88,0,0,0,2.88,0,0.16,2.88
2017-09-14,2.88,0,0,0,2.88,0,-0.05,2.88
2017-09-13,2.88,0,0,0,2.88,-0.01,-0.45,2.89
2017-09-12,2.89,0,0,0,2.89,-0.02,-0.79,2.91
2017-09-11,2.92,0,0,0,2.92,-0.01,-0.39,2.93
2017-09-08,2.93,0,0,0,2.93,0,0.07,2.93
2017-09-07,2.93,0,0,0,2.93,0.02,0.83,2.91
2017-09-05,2.91,2.91,2.91,1716,2.9,0.01,0.4,2.9
2017-09-04,2.89,0,0,0,2.89,0.01,0.21,2.88
2017-09-01,2.88,0,0,0,2.88,0.01,0.3,2.87
2017-08-31,2.87,0,0,0,2.87,0.01,0.4,2.86
2017-08-30,2.86,0,0,0,2.86,-0.04,-1.46,2.9
2017-08-29,2.9,0,0,0,2.9,-0.05,-1.54,2.95
2017-08-25,2.95,0,0,0,2.95,0,0,2.95
2017-08-24,2.9,0,0,0,2.9,0,0,2.9
2017-08-23,2.92,0,0,0,2.92,0,0,2.92
2017-08-22,2.96,0,0,0,2.96,0.01,0.47,2.95
2017-08-21,2.95,0,0,0,2.95,-0.01,-0.32,2.96
2017-08-18,2.96,0,0,0,2.96,-0.03,-0.89,2.99
2017-08-17,2.98,0,0,0,2.98,-0.1,-3.24,3.08
2017-08-16,3.08,0,0,0,3.08,0.02,0.74,3.06
2017-08-15,3.06,0,0,0,3.06,0.05,1.69,3.01
2017-08-14,3.01,0,0,0,3.01,0,-0.1,3.01
2017-08-11,3.01,0,0,0,3.01,-0.01,-0.46,3.02
2017-08-10,3.03,0,0,0,3.03,-0.03,-0.87,3.06
2017-08-09,3.05,0,0,0,3.05,-0.03,-1.09,3.08
2017-08-08,3.09,0,0,0,3.09,-0.01,-0.37,3.1
2017-08-07,3.1,0,0,0,3.1,-0.02,-0.71,3.12
2017-08-04,3.12,0,0,0,3.12,0,-0.02,3.12
2017-08-03,3.12,0,0,0,3.12,0.06,1.79,3.06
2017-08-02,3.07,0,0,0,3.07,0.02,0.72,3.05
2017-08-01,3.04,0,0,0,3.04,-0.02,-0.64,3.06
2017-07-31,3.06,3.07,3.07,288,3.06,-0.02,-0.62,3.08
2017-07-28,3.08,0,0,0,3.08,-0.03,-1.03,3.11
2017-07-27,3.11,0,0,0,3.11,0,-0.02,3.11
2017-07-26,3.12,0,0,0,3.12,-0.01,-0.4,3.13
2017-07-25,3.13,0,0,0,3.13,0.02,0.6,3.11
2017-07-24,3.11,0,0,0,3.11,-0.1,-3.07,3.21
2017-07-20,3.22,0,0,0,3.22,0,0,3.22
2017-07-19,3.2,0,0,0,3.2,0.02,0.52,3.18
2017-07-18,3.18,0,0,0,3.18,-0.02,-0.76,3.2
2017-07-17,3.21,0,0,0,3.21,-0.01,-0.45,3.22
2017-07-14,3.22,0,0,0,3.22,-0.03,-0.8,3.25
2017-07-13,3.25,0,0,0,3.25,0.05,1.69,3.2
2017-07-12,3.2,0,0,0,3.2,0.02,0.53,3.18
2017-07-11,3.18,3.16,3.16,307,3.18,0.01,0.25,3.17
2017-07-10,3.17,0,0,0,3.17,-0.02,-0.63,3.19
2017-07-07,3.19,0,0,0,3.19,0.02,0.65,3.17
2017-07-05,3.21,0,0,0,3.21,0,0,3.21
2017-06-29,3.18,0,0,0,3.18,0.04,1.28,3.14
2017-06-28,3.14,0,0,0,3.14,-0.01,-0.35,3.15
2017-06-27,3.15,0,0,0,3.15,-0.01,-0.44,3.16
2017-06-26,3.16,0,0,0,3.16,0.04,1.44,3.12
2017-06-23,3.12,0,0,0,3.12,-0.04,-1.22,3.16
2017-06-22,3.15,0,0,0,3.15,-0.03,-1.05,3.18
2017-06-21,3.19,0,0,0,3.19,0.02,0.6,3.17
2017-06-20,3.17,0,0,0,3.17,-0.03,-0.83,3.2
2017-06-19,3.2,0,0,0,3.2,0.01,0.41,3.19
2017-06-16,3.18,0,0,0,3.18,-0.02,-0.47,3.2
2017-06-15,3.2,0,0,0,3.2,-0.01,-0.33,3.21
2017-06-14,3.21,0,0,0,3.21,-0.07,-2.05,3.28
2017-06-13,3.28,0,0,0,3.28,0.01,0.4,3.27
2017-06-12,3.26,3.3,3.3,53281,3.26,-0.11,-3.29,3.37
2017-06-09,3.37,0,0,0,3.37,0.03,1.02,3.34
2017-06-08,3.34,0,0,0,3.34,0.01,0.2,3.33
2017-06-07,3.33,0,0,0,3.33,-0.05,-1.52,3.38
2017-06-06,3.38,3.38,3.38,1893,3.38,0.02,0.58,3.36
2017-06-05,3.36,3.45,3.45,200,3.36,0,-0.15,3.36
2017-06-02,3.37,0,0,0,3.37,0.02,0.48,3.35
2017-06-01,3.35,3.28,3.28,433,3.35,0.07,2.05,3.28
2017-05-31,3.29,0,0,0,3.29,0.05,1.69,3.24
2017-05-30,3.23,0,0,0,3.23,-0.03,-0.89,3.26
2017-05-26,3.26,0,0,0,3.26,0.03,1.05,3.23
2017-05-25,3.23,0,0,0,3.23,0,0.06,3.23
2017-05-24,3.22,3.24,3.24,1279,3.22,-0.04,-1.3,3.26
2017-05-23,3.27,0,0,0,3.27,-0.02,-0.71,3.29
2017-05-22,3.29,0,0,0,3.29,0.06,1.79,3.23
2017-05-19,3.23,0,0,0,3.23,0.05,1.51,3.18
2017-05-18,3.18,0,0,0,3.18,-0.03,-0.98,3.21
2017-05-17,3.22,0,0,0,3.22,0.04,1.1,3.18
2017-05-16,3.18,0,0,0,3.18,-0.02,-0.78,3.2
2017-05-15,3.21,0,0,0,3.21,-0.03,-1.06,3.24
2017-05-12,3.24,0,0,0,3.24,0.08,2.5,3.16
2017-05-11,3.16,0,0,0,3.16,-0.03,-0.92,3.19
2017-05-10,3.19,0,0,0,3.19,-0.11,-3.27,3.3
2017-05-09,3.3,0,0,0,3.3,0.06,1.7,3.24
2017-05-08,3.24,0,0,0,3.24,-0.04,-1.29,3.28
2017-05-04,3.26,3.26,3.26,132003,3.32,-0.06,-1.67,3.32
2017-05-03,3.29,0,0,0,3.29,0.18,5.95,3.11
2017-05-02,3.1,0,0,0,3.1,0,0,3.1
2017-04-28,3.1,0,0,0,3.1,0.04,1.19,3.06
2017-04-27,3.07,0,0,0,3.07,0.06,1.93,3.01
2017-04-26,3.01,0,0,0,3.01,0.06,1.88,2.95
2017-04-25,2.95,0,0,0,2.95,0.02,0.73,2.93
2017-04-24,2.93,0,0,0,2.93,-0.03,-0.96,2.96
2017-04-21,2.96,0,0,0,2.96,0,0.05,2.96
2017-04-20,2.96,2.98,2.98,1322,2.96,0,-0.12,2.96
2017-04-19,2.96,2.95,2.94,4000,2.96,0,-0.17,2.96
2017-04-18,2.97,2.97,2.97,6442,2.97,0,-0.05,2.97
2017-04-13,2.97,0,0,0,2.97,0,0,2.97
2017-04-12,2.97,0,0,0,2.97,0.04,1.25,2.93
2017-04-11,2.93,0,0,0,2.93,-0.01,-0.37,2.94
2017-04-10,2.94,0,0,0,2.94,0.03,1,2.91
2017-04-06,2.88,0,0,0,2.88,0,0,2.88
2017-04-04,2.87,0,0,0,2.87,0,0,2.87
2017-04-03,2.93,0,0,0,2.93,0.03,0.98,2.9
2017-03-31,2.9,0,0,0,2.9,-0.02,-0.8,2.92
2017-03-30,2.92,0,0,0,2.92,0,-0.12,2.92
2017-03-29,2.92,0,0,0,2.92,-0.01,-0.37,2.93
2017-03-28,2.94,0,0,0,2.94,-0.01,-0.49,2.95
2017-03-27,2.95,0,0,0,2.95,-0.03,-1.12,2.98
2017-03-24,2.98,0,0,0,2.98,0.02,0.56,2.96
2017-03-23,2.97,0,0,0,2.97,-0.03,-0.95,3
2017-03-22,3,0,0,0,3,0.04,1.52,2.96
2017-03-21,2.95,0,0,0,2.95,0,-0.05,2.95
2017-03-20,2.95,0,0,0,2.95,0,0.03,2.95
2017-03-17,2.95,0,0,0,2.95,-0.01,-0.25,2.96
2017-03-16,2.96,0,0,0,2.96,0.02,0.85,2.94
2017-03-15,2.93,0,0,0,2.93,0.01,0.48,2.92
2017-03-14,2.92,2.92,2.92,3067,2.92,0.03,1.09,2.89
2017-03-13,2.94,2.92,2.89,5341,2.94,0.05,1.63,2.89
2017-03-09,2.89,0,0,3537,2.89,0,0,2.89
2017-03-08,2.88,0,0,0,2.88,0.02,0.74,2.86
2017-03-07,2.86,0,0,0,2.86,0,0.04,2.86
2017-03-06,2.86,2.85,2.85,18,2.86,0,-0.17,2.86
2017-03-03,2.86,0,0,0,2.86,-0.06,-1.92,2.92
2017-03-02,2.92,2.89,2.89,1000,2.92,0.01,0.22,2.91
2017-03-01,2.91,0,0,0,2.91,0.04,1.27,2.87
2017-02-28,2.87,2.86,2.86,421,2.87,-0.01,-0.31,2.88
2017-02-27,2.88,0,0,0,2.88,0.04,1.43,2.84
2017-02-24,2.84,0,0,0,2.84,-0.02,-0.77,2.86
2017-02-23,2.86,0,0,0,2.86,-0.04,-1.28,2.9
2017-02-22,2.9,2.9,2.82,5104,2.9,-0.02,-0.63,2.92
2017-02-21,2.92,2.93,2.76,5865,2.92,0.02,0.78,2.9
2017-02-20,2.9,0,0,0,2.9,0,-0.02,2.9
2017-02-17,2.9,2.85,2.85,5105,2.9,0.01,0.22,2.89
2017-02-15,2.88,2.88,2.81,4395,2.9,-0.01,-0.47,2.89
2017-02-13,2.86,2.86,2.83,4532,2.87,0,-0.14,2.86
2017-02-10,2.89,0,0,0,2.89,-0.01,-0.21,2.9
2017-02-08,2.93,0,0,0,2.93,0,0,2.93
2017-02-07,2.94,0,0,0,2.94,0.02,0.82,2.92
2017-02-06,2.91,0,0,0,2.91,0.02,0.6,2.89
2017-02-03,2.9,0,0,0,2.9,0.02,0.84,2.88
2017-02-02,2.87,0,0,0,2.87,0.01,0.31,2.86
2017-02-01,2.86,0,0,0,2.86,-0.01,-0.45,2.87
2017-01-31,2.88,2.85,2.82,5356,2.88,0.01,0.3,2.87
2017-01-30,2.87,0,0,0,2.87,-0.02,-0.68,2.89
2017-01-27,2.89,0,0,0,2.89,-0.05,-1.8,2.94
2017-01-26,2.94,0,0,0,2.94,0,-0.17,2.94
2017-01-25,2.95,2.91,2.91,664,2.95,0.01,0.26,2.94
2017-01-24,2.94,0,0,0,2.94,0.02,0.77,2.92
2017-01-23,2.92,0,0,0,2.92,-0.01,-0.24,2.93
2017-01-18,2.95,0,0,0,2.95,0,0,2.95
2017-01-17,2.94,0,0,0,2.94,0.01,0.31,2.93
2017-01-16,2.93,0,0,0,2.93,0.02,0.72,2.91
2017-01-12,2.9,0,0,0,2.9,0,0,2.9
2017-01-11,2.92,0,0,0,2.92,0.02,0.84,2.9
2017-01-10,2.9,0,0,0,2.9,0.07,2.51,2.83
2017-01-09,2.83,0,0,0,2.83,-0.02,-0.55,2.85
2017-01-06,2.84,0,0,0,2.84,-0.03,-1.1,2.87
2017-01-05,2.88,0,0,0,2.88,0.03,0.89,2.85
2017-01-04,2.85,0,0,0,2.85,-0.04,-1.42,2.89
2017-01-03,2.89,2.91,2.91,421,2.89,-0.02,-0.58,2.91
2016-12-30,2.91,2.87,2.87,262,2.91,0,0.02,2.91
2016-12-29,2.91,0,0,0,2.91,0.01,0.45,2.9
2016-12-28,2.89,2.87,2.84,1162,2.89,0,0.02,2.89
2016-12-23,2.89,0,0,0,2.89,0,0,2.89
2016-12-22,2.9,0,0,0,2.9,0.02,0.59,2.88
2016-12-21,2.88,2.89,2.88,2558,2.88,0,0.02,2.88
2016-12-20,2.88,0,0,0,2.88,0.02,0.58,2.86
2016-12-19,2.86,0,0,0,2.86,0.04,1.27,2.82
2016-12-16,2.83,0,0,0,2.83,0.03,1.15,2.8
2016-12-15,2.79,2.8,2.8,2266,2.79,-0.01,-0.39,2.8
2016-12-14,2.8,0,0,0,2.8,0.02,0.54,2.78
2016-12-13,2.79,0,0,0,2.79,0.01,0.31,2.78
2016-12-12,2.78,2.77,2.77,2266,2.78,0.07,2.7,2.71
2016-12-09,2.71,0,0,0,2.71,-0.02,-0.79,2.73
2016-12-08,2.73,,,,2.73,,,2.73
2016-12-07,2.7,0,0,0,2.7,0.05,1.85,2.65
2016-12-06,2.65,0,0,0,2.65,0.04,1.71,2.61
2016-12-05,2.6,0,0,0,2.6,0.01,0.23,2.59
2016-12-02,2.6,0,0,0,2.6,-0.05,-1.8,2.65
2016-12-01,2.64,0,0,0,2.64,-0.02,-0.84,2.66
2016-11-30,2.67,0,0,0,2.67,0.03,1.18,2.64
2016-11-29,2.64,0,0,0,2.64,-0.06,-2.14,2.7
2016-11-28,2.69,0,0,0,2.69,0,0.15,2.69
2016-11-25,2.69,0,0,0,2.69,0.04,1.43,2.65
2016-11-24,2.65,0,0,0,2.65,0.01,0.23,2.64
2016-11-22,2.64,0,0,0,2.64,0,0,2.64
2016-11-21,2.63,2.66,2.65,4509,2.63,0.04,1.54,2.59
2016-11-18,2.59,0,0,0,2.59,0.02,0.64,2.57
2016-11-17,2.58,0,0,0,2.58,0,-0.17,2.58
2016-11-16,2.58,0,0,0,2.58,0.04,1.69,2.54
2016-11-15,2.54,0,0,0,2.54,0.01,0.38,2.53
2016-11-14,2.53,0,0,0,2.53,-0.04,-1.54,2.57
2016-11-11,2.57,2.52,2.52,415,2.57,0.04,1.46,2.53
2016-11-10,2.53,2.55,2.47,4500,2.53,0.01,0.58,2.52
2016-11-09,2.52,0,0,0,2.52,-0.01,-0.26,2.53
2016-11-08,2.52,2.52,2.52,10,2.52,0.02,0.84,2.5
2016-11-07,2.5,0,0,0,2.5,0.02,0.91,2.48
2016-11-04,2.48,2.53,2.53,19127,2.48,-0.06,-2.36,2.54
2016-11-03,2.54,0,0,0,2.54,-0.04,-1.36,2.58
2016-11-02,2.58,2.57,2.57,597,2.58,0.02,0.7,2.56
2016-11-01,2.56,0,0,0,2.56,0.01,0.25,2.55
2016-10-31,2.55,2.54,2.54,198,2.55,0.01,0.45,2.54
2016-10-28,2.54,0,0,0,2.54,0,0.12,2.54
2016-10-27,2.54,0,0,0,2.54,0.04,1.44,2.5
2016-10-26,2.5,0,0,0,2.5,0,-0.04,2.5
2016-10-25,2.5,0,0,0,2.5,0.02,0.91,2.48
2016-10-24,2.48,0,0,0,2.48,0.05,2,2.43
2016-10-21,2.43,0,0,0,2.43,0.06,2.38,2.37
2016-10-20,2.37,0,0,0,2.37,0.03,1.19,2.34
2016-10-19,2.35,0,0,0,2.35,0,0,2.35
2016-10-18,2.36,0,0,0,2.36,0,0.15,2.36
2016-10-17,2.36,0,0,0,2.36,-0.02,-0.88,2.38
2016-10-14,2.38,0,0,0,2.38,0,-0.04,2.38
2016-10-13,2.38,0,0,0,2.38,-0.04,-1.63,2.42
2016-10-12,2.42,0,0,0,2.42,0.02,0.75,2.4
2016-10-11,2.4,0,0,0,2.4,0.01,0.27,2.39
2016-10-10,2.4,0,0,0,2.4,-0.04,-1.82,2.44
2016-10-07,2.44,2.44,2.44,460,2.44,0,-0.12,2.44
2016-10-06,2.44,0,0,0,2.44,0.03,1.33,2.41
2016-10-05,2.41,2.47,2.43,1381,2.41,-0.04,-1.69,2.45
2016-10-04,2.45,0,0,0,2.45,0.04,1.64,2.41
2016-10-03,2.41,0,0,0,2.41,-0.05,-1.85,2.46
2016-09-30,2.46,0,0,0,2.46,-0.07,-2.88,2.53
2016-09-29,2.53,0,0,0,2.53,0,-0.1,2.53
2016-09-28,2.54,0,0,0,2.54,-0.04,-1.48,2.58
2016-09-27,2.57,0,0,0,2.57,-0.01,-0.48,2.58
2016-09-26,2.59,0,0,0,2.59,0.01,0.23,2.58
2016-09-23,2.58,0,0,0,2.58,-0.06,-2.2,2.64
2016-09-22,2.64,0,0,0,2.64,0,-0.13,2.64
2016-09-21,2.64,0,0,0,2.64,0.02,0.96,2.62
2016-09-20,2.62,0,0,0,2.62,-0.02,-0.57,2.64
2016-09-19,2.63,0,0,0,2.63,-0.01,-0.51,2.64
2016-09-16,2.64,0,0,0,2.64,0.02,0.76,2.62
2016-09-15,2.62,0,0,0,2.62,0,-0.08,2.62
2016-09-14,2.63,0,0,0,2.63,-0.02,-0.72,2.65
2016-09-13,2.65,0,0,0,2.65,-0.08,-2.92,2.73
2016-09-12,2.73,0,0,0,2.73,0.02,0.74,2.71
2016-09-09,2.71,0,0,0,2.71,0.03,1.01,2.68
2016-09-08,2.68,0,0,0,2.68,0.02,0.62,2.66
2016-09-07,2.66,0,0,0,2.66,0.02,0.78,2.64
2016-09-06,2.64,2.63,2.63,3,2.64,0,-0.02,2.64
2016-09-05,2.64,2.64,2.64,5000,2.64,-0.09,-3.31,2.73
2016-09-02,2.73,0,0,0,2.73,-0.01,-0.35,2.74
2016-09-01,2.74,0,0,0,2.74,-0.03,-0.92,2.77
2016-08-31,2.77,0,0,0,2.77,0.04,1.32,2.73
2016-08-30,2.73,0,0,0,2.73,-0.05,-1.89,2.78
2016-08-26,2.78,0,0,0,2.78,0.03,0.94,2.75
2016-08-25,2.76,2.77,2.77,592620,2.76,-0.02,-0.65,2.78
2016-08-24,2.78,0,0,0,2.78,-0.03,-1.14,2.81
2016-08-23,2.81,0,0,0,2.81,0,0.16,2.81
2016-08-22,2.8,0,0,0,2.8,-0.01,-0.27,2.81
2016-08-19,2.81,0,0,0,2.81,-0.02,-0.53,2.83
2016-08-18,2.83,0,0,0,2.83,-0.01,-0.34,2.84
2016-08-17,2.84,0,0,0,2.84,-0.03,-0.96,2.87
2016-08-16,2.86,2.89,2.85,7314,2.86,-0.03,-1.07,2.89
2016-08-15,2.89,0,0,0,2.89,0.05,1.88,2.84
2016-08-12,2.84,0,0,0,2.84,-0.01,-0.47,2.85
2016-08-11,2.85,2.8,2.8,918,2.85,0.02,0.6,2.83
2016-08-10,2.84,0,0,0,2.84,-0.01,-0.42,2.85
2016-08-09,2.85,0,0,0,2.85,-0.01,-0.26,2.86
2016-08-08,2.86,0,0,0,2.86,0,0.12,2.86
2016-08-05,2.85,0,0,0,2.85,0,0.04,2.85
2016-08-04,2.85,2.86,2.86,229,2.85,-0.03,-0.9,2.88
2016-08-03,2.88,0,0,0,2.88,0.01,0.31,2.87
2016-08-02,2.87,2.86,2.86,1474,2.87,-0.01,-0.28,2.88
2016-08-01,2.88,0,0,0,2.88,0.06,2.15,2.82
2016-07-29,2.82,0,0,0,2.82,-0.04,-1.45,2.86
2016-07-27,2.89,0,0,0,2.89,0,0,2.89
2016-07-26,2.88,0,0,0,2.88,0.01,0.33,2.87
2016-07-25,2.87,0,0,0,2.87,0.1,3.74,2.77
2016-07-22,2.77,0,0,0,2.77,-0.01,-0.43,2.78
2016-07-21,2.78,2.82,2.82,16,2.78,-0.09,-3.12,2.87
2016-07-20,2.87,0,0,0,2.87,0,-0.05,2.87
2016-07-19,2.87,0,0,0,2.87,-0.03,-1.09,2.9
2016-07-18,2.9,0,0,0,2.9,-0.01,-0.26,2.91
2016-07-15,2.91,0,0,0,2.91,-0.04,-1.29,2.95
2016-07-14,2.95,0,0,0,2.95,0.03,0.96,2.92
2016-07-13,2.92,0,0,0,2.92,0.02,0.86,2.9
2016-07-12,2.9,0,0,0,2.9,-0.03,-1.13,2.93
2016-07-11,2.93,0,0,0,2.93,-0.03,-1.13,2.96
2016-07-08,2.96,0,0,0,2.96,-0.02,-0.77,2.98
2016-07-07,2.98,0,0,0,2.98,-0.04,-1.27,3.02
2016-07-06,3.02,3.03,3.03,1095,3.02,-0.01,-0.36,3.03
2016-07-05,3.03,0,0,0,3.03,0,-0.16,3.03
2016-07-04,3.04,3.03,3.03,363,3.04,-0.01,-0.36,3.05
2016-07-01,3.05,3.05,3.05,8798,3.05,-0.01,-0.41,3.06
2016-06-30,3.06,0,0,0,3.06,0.02,0.49,3.04
2016-06-29,3.05,0,0,0,3.05,0.02,0.64,3.03
2016-06-28,3.03,0,0,0,3.03,0,-0.15,3.03
2016-06-27,3.03,0,0,0,3.03,0,-0.13,3.03
2016-06-24,3.04,3.03,3.03,34,3.04,-0.02,-0.64,3.06
2016-06-23,3.06,0,0,0,3.06,-0.02,-0.54,3.08
2016-06-22,3.07,0,0,0,3.07,0,0.16,3.07
2016-06-21,3.07,0,0,0,3.07,0.02,0.49,3.05
2016-06-17,3.13,0,0,0,3.13,0,0,3.13
2016-06-16,3.1,0,0,0,3.1,-0.04,-1.18,3.14
2016-06-15,3.13,0,0,0,3.13,0.03,1.03,3.1
2016-06-13,3.11,0,0,0,3.11,0,0,3.11
2016-06-10,3.18,0,0,0,3.18,0,-0.06,3.18
2016-06-09,3.18,0,0,0,3.18,0.03,1.02,3.15
2016-06-08,3.15,0,0,0,3.15,-0.02,-0.74,3.17
2016-06-06,3.19,0,0,918,3.19,0,0,3.19
2016-06-03,3.16,0,0,0,3.16,0.03,0.91,3.13
2016-06-02,3.13,3.1,3.1,61050,3.13,0.04,1.13,3.09
2016-06-01,3.1,0,0,0,3.1,-0.01,-0.21,3.11
2016-05-31,3.1,0,0,0,3.1,0.05,1.6,3.05
2016-05-27,3.05,0,0,0,3.05,0.04,1.36,3.01
2016-05-26,3.01,0,0,0,3.01,0.02,0.57,2.99
2016-05-25,3,0,0,0,3,0.02,0.69,2.98
2016-05-23,2.97,0,0,0,3.01,-0.03,-1.15,3
2016-05-20,3.07,0,0,0,3.07,-0.03,-0.95,3.1
2016-05-19,3.1,3.12,3.1,11710,3.1,-0.04,-1.42,3.14
2016-05-18,3.14,0,0,0,3.14,0,-0.14,3.14
2016-05-17,3.14,0,0,0,3.14,0,0,3.14
2016-05-16,3.14,3.13,3.1,3624,3.14,0.04,1.14,3.1
2016-05-13,3.1,0,0,0,3.1,-0.05,-1.49,3.15
2016-05-12,3.15,3.14,3.12,105760,3.15,0,0.1,3.15
2016-05-11,3.15,0,0,0,3.15,0.02,0.78,3.13
2016-05-10,3.12,3.1,3.1,218,3.12,0.01,0.32,3.11
2016-05-09,3.11,0,0,0,3.11,0.02,0.76,3.09
2016-05-06,3.09,0,0,0,3.09,0.01,0.47,3.08
2016-05-05,3.07,0,0,0,3.07,0.03,0.9,3.04
2016-05-04,3.05,0,0,0,3.05,0,0.15,3.05
2016-05-03,3.04,3.04,3.03,220128,3.04,0.04,1.37,3
2016-04-29,3,0,0,0,3,-0.01,-0.18,3.01
2016-04-28,3.01,3.04,3.01,6086,3.01,-0.01,-0.25,3.02
2016-04-27,3.01,0,0,0,3.01,0.02,0.62,2.99
2016-04-26,3,0,0,0,3,0.04,1.4,2.96
2016-04-25,2.95,0,0,0,2.95,-0.01,-0.4,2.96
2016-04-22,2.97,0,0,0,2.97,-0.04,-1.48,3.01
2016-04-21,3.01,0,0,0,3.01,-0.01,-0.28,3.02
2016-04-20,3.02,0,0,0,3.02,0,0.05,3.02
2016-04-19,3.02,0,0,0,3.02,0.01,0.3,3.01
2016-04-18,3.01,0,0,0,3.01,-0.04,-1.46,3.05
2016-04-15,3.05,0,0,0,3.05,-0.01,-0.33,3.06
2016-04-14,3.06,0,0,0,3.06,-0.02,-0.54,3.08
2016-04-13,3.08,0,0,0,3.08,-0.02,-0.71,3.1
2016-04-12,3.1,3.27,3.27,0,3.1,-0.03,-0.97,3.13
2016-04-11,3.13,0,0,0,3.13,0.01,0.22,3.12
2016-04-08,3.13,0,0,0,3.13,0.05,1.59,3.08
2016-04-07,3.08,0,0,0,3.08,-0.01,-0.45,3.09
2016-04-06,3.09,0,0,0,3.09,0.02,0.62,3.07
2016-04-01,3.11,0,0,0,3.11,-0.02,-0.56,3.13
2016-03-31,3.13,0,0,0,3.13,-0.02,-0.64,3.15
2016-03-30,3.11,0,0,0,3.11,0,0,3.11
2016-03-29,3.19,0,0,0,3.19,0.01,0.31,3.18
2016-03-22,3.18,0,0,0,3.18,-0.05,-1.66,3.23
2016-03-21,3.19,0,0,0,3.19,0,0,3.19
2016-03-18,3.28,0,0,0,3.28,0,0,3.28
2016-03-17,3.27,3.27,3.27,3600,3.29,-0.02,-0.59,3.29
2016-03-16,3.29,0,0,0,3.29,0,0,3.29
2016-03-14,3.26,3.26,3.18,6979,3.25,0.01,0.37,3.25
2016-03-11,3.26,,,,3.26,,,3.26
2016-03-10,3.2255,,,110064,3.2255,,,3.2255
2016-03-09,3.185,,,,3.185,,,3.185
2016-03-08,3.1775,,,,3.1775,,,3.1775
2016-03-07,3.1565,,,,3.1565,,,3.1565
2016-03-04,3.1725,,,,3.1725,,,3.1725
2016-03-03,3.148,,,,3.148,,,3.148
2016-03-02,3.1875,,,,3.1875,,,3.1875
2016-03-01,3.174,,,,3.174,,,3.174
2016-02-29,3.195,,,,3.195,,,3.195
2016-02-26,3.2085,,,,3.2085,,,3.2085
2016-02-25,3.2085,,,,3.2085,,,3.2085
2016-02-24,3.15,,,2756,3.15,,,3.15
2016-02-23,3.1405,,,,3.1405,,,3.1405
2016-02-22,3.136,,,2000,3.136,,,3.136
2016-02-19,3.1295,,,,3.1295,,,3.1295
2016-02-18,3.1805,,,,3.1805,,,3.1805
2016-02-17,3.1405,,,3000,3.1405,,,3.1405
2016-02-16,3.074,,,,3.074,,,3.074
2016-02-15,3.0745,,,,3.0745,,,3.0745
2016-02-12,3.088,,,,3.088,,,3.088
2016-02-10,3.087,,,,3.087,,,3.087
2016-02-09,3.1055,,,,3.1055,,,3.1055
2016-02-08,3.0985,,,,3.0985,,,3.0985
2016-02-05,3.1555,,,,3.1555,,,3.1555
2016-02-04,3.168,,,,3.168,,,3.168
2016-02-03,3.1645,,,,3.1645,,,3.1645
2016-02-02,3.129,,,17195,3.129,,,3.129
2016-02-01,3.141,,,,3.141,,,3.141
2016-01-29,3.1645,,,,3.1645,,,3.1645
2016-01-27,3.1505,,,,3.1505,,,3.1505
2016-01-26,3.102,,,3413,3.102,,,3.102
2016-01-25,3.11,,,,3.11,,,3.11
2016-01-22,3.108,,,,3.108,,,3.108
2016-01-21,3.002,,,515,3.002,,,3.002
2016-01-20,2.9905,,,,2.9905,,,2.9905
2016-01-19,3.049,,,,3.049,,,3.049
2016-01-18,3.0135,,,,3.0135,,,3.0135
2016-01-15,3.0065,,,937,3.0065,,,3.0065
2016-01-14,3.068,,,1763,3.068,,,3.068
2016-01-13,3.075,,,,3.075,,,3.075
2016-01-12,3.0835,,,,3.0835,,,3.0835
2016-01-11,3.0335,,,,3.0335,,,3.0335
2016-01-08,3.085,,,,3.085,,,3.085
2016-01-07,3.116,,,49000,3.116,,,3.116
2016-01-06,3.125,,,,3.125,,,3.125
2016-01-05,3.1415,,,756,3.1415,,,3.1415
2016-01-04,3.069,,,,3.069,,,3.069
2015-12-31,3.12,,,,3.12,,,3.12
2015-12-30,3.1035,,,,3.1035,,,3.1035
2015-12-29,3.086,,,600,3.086,,,3.086
2015-12-24,3.0625,,,,3.0625,,,3.0625
2015-12-23,3.046,,,,3.046,,,3.046
2015-12-22,2.981,,,4050,2.981,,,2.981
2015-12-21,2.997,,,,2.997,,,2.997
2015-12-18,2.916,,,,2.916,,,2.916
2015-12-17,2.8545,,,,2.8545,,,2.8545
2015-12-16,2.9155,,,12940,2.9155,,,2.9155
2015-12-15,2.928,,,,2.928,,,2.928
2015-12-14,2.9565,,,10000,2.9565,,,2.9565
2015-12-11,2.9605,,,,2.9605,,,2.9605
2015-12-10,2.9435,,,,2.9435,,,2.9435
2015-12-09,2.927,,,,2.927,,,2.927
2015-12-08,2.979,,,2337,2.979,,,2.979
2015-12-07,2.9365,,,1834,2.9365,,,2.9365
2015-12-04,2.966,,,,2.966,,,2.966
2015-12-03,2.9705,,,,2.9705,,,2.9705
2015-12-02,3.056,,,,3.056,,,3.056
2015-12-01,3.033,,,,3.033,,,3.033
2015-11-30,3.0095,,,,3.0095,,,3.0095
2015-11-27,3.034,,,,3.034,,,3.034
2015-11-26,3.023,,,,3.023,,,3.023
2015-11-25,3.03,,,200,3.03,,,3.03
2015-11-24,3.016,,,,3.016,,,3.016
2015-11-23,3.05,,,,3.05,,,3.05
2015-11-20,3.0465,,,,3.0465,,,3.0465
2015-11-19,3.0085,,,1400,3.0085,,,3.0085
2015-11-18,3.0025,,,,3.0025,,,3.0025
2015-11-17,2.964,,,4383,2.964,,,2.964
2015-11-16,2.9235,,,,2.9235,,,2.9235
2015-11-13,3.0025,,,,3.0025,,,3.0025
2015-11-12,3.0685,,,,3.0685,,,3.0685
2015-11-11,3.02,,,,3.02,,,3.02
2015-11-10,2.9845,,,80000,2.9845,,,2.9845
2015-11-09,2.9985,,,,2.9985,,,2.9985
2015-11-06,3.06,,,,3.06,,,3.06
2015-11-05,3.138,,,,3.138,,,3.138
2015-11-04,3.1495,,,,3.1495,,,3.1495
2015-11-03,3.2295,,,30300,3.2295,,,3.2295
2015-11-02,3.2365,,,,3.2365,,,3.2365
2015-10-30,3.281,,,,3.281,,,3.281
2015-10-29,3.3065,,,,3.3065,,,3.3065
2015-10-28,3.3195,,,,3.3195,,,3.3195
2015-10-27,3.2915,,,,3.2915,,,3.2915
2015-10-26,3.351,,,,3.351,,,3.351
2015-10-23,3.349,,,,3.349,,,3.349
2015-10-22,3.4075,,,89,3.4075,,,3.4075
2015-10-21,3.44,,,,3.44,,,3.44
2015-10-20,3.444,,,,3.444,,,3.444
2015-10-19,3.376,,,,3.376,,,3.376
2015-10-16,3.318,,,,3.318,,,3.318
2015-10-15,3.3185,,,,3.3185,,,3.3185
2015-10-14,3.3495,,,,3.3495,,,3.3495
2015-10-13,3.3505,,,,3.3505,,,3.3505
2015-10-12,3.3525,,,,3.3525,,,3.3525
2015-10-09,3.3255,,,,3.3255,,,3.3255
2015-10-08,3.2925,,,,3.2925,,,3.2925
2015-10-07,3.3035,,,,3.3035,,,3.3035
2015-10-06,3.2175,,,,3.2175,,,3.2175
2015-10-05,3.2225,,,,3.2225,,,3.2225
2015-10-02,3.218,,,,3.218,,,3.218
2015-10-01,3.206,,,,3.206,,,3.206
2015-09-30,3.2865,,,,3.2865,,,3.2865
2015-09-29,3.269,,,,3.269,,,3.269
2015-09-28,3.3115,,,,3.3115,,,3.3115
2015-09-25,3.3235,,,,3.3235,,,3.3235
2015-09-24,3.2555,,,,3.2555,,,3.2555
2015-09-23,3.2755,,,,3.2755,,,3.2755
2015-09-22,3.3235,,,,3.3235,,,3.3235
2015-09-21,3.335,,,9768,3.335,,,3.335
2015-09-18,3.3155,,,,3.3155,,,3.3155
2015-09-17,3.3335,,,,3.3335,,,3.3335
2015-09-16,3.303,,,,3.303,,,3.303
2015-09-15,3.3745,,,,3.3745,,,3.3745
2015-09-14,3.343,,,,3.343,,,3.343
2015-09-11,3.327,,,15539,3.327,,,3.327
2015-09-10,3.4005,,,125,3.4005,,,3.4005
2015-09-09,3.4035,,,,3.4035,,,3.4035
2015-09-08,3.373,,,,3.373,,,3.373
2015-09-07,3.3645,,,,3.3645,,,3.3645
2015-09-04,3.38,,,,3.38,,,3.38
2015-09-03,3.396,,,,3.396,,,3.396
2015-09-02,3.369,,,,3.369,,,3.369
2015-09-01,3.34,,,130556,3.34,,,3.34
2015-08-28,3.3675,,,74,3.3675,,,3.3675
2015-08-27,3.363,,,363,3.363,,,3.363
2015-08-25,3.36,,,392564,3.36,,,3.36
2015-08-21,3.3375,,,110988,3.3375,,,3.3375
2015-08-20,3.3845,,,,3.3845,,,3.3845
2015-08-19,3.3625,,,,3.3625,,,3.3625
2015-08-18,3.415,,,,3.415,,,3.415
2015-08-17,3.403,,,13000,3.403,,,3.403
2015-08-14,3.4285,,,3038,3.4285,,,3.4285
2015-08-13,3.379,,,,3.379,,,3.379
2015-08-12,3.397,,,,3.397,,,3.397
2015-08-11,3.39,,,,3.39,,,3.39
2015-08-10,3.3975,,,600,3.3975,,,3.3975
2015-08-07,3.4145,,,,3.4145,,,3.4145
2015-08-06,3.438,,,,3.438,,,3.438
2015-08-05,3.4275,,,,3.4275,,,3.4275
2015-08-04,3.427,,,,3.427,,,3.427
2015-08-03,3.4135,,,,3.4135,,,3.4135
2015-07-31,3.3845,,,,3.3845,,,3.3845
2015-07-30,3.418,,,2846,3.418,,,3.418
2015-07-29,3.418,,,,3.418,,,3.418
2015-07-28,3.3755,,,,3.3755,,,3.3755
2015-07-27,3.3305,,,,3.3305,,,3.3305
2015-07-24,3.358,,,1300,3.358,,,3.358
2015-07-23,3.3805,,,,3.3805,,,3.3805
2015-07-22,3.415,,,,3.415,,,3.415
2015-07-21,3.3655,,,,3.3655,,,3.3655
2015-07-20,3.4105,,,,3.4105,,,3.4105
2015-07-17,3.4035,,,,3.4035,,,3.4035
2015-07-16,3.43,,,,3.43,,,3.43
2015-07-15,3.4525,,,,3.4525,,,3.4525
2015-07-14,3.458,,,,3.458,,,3.458
2015-07-13,3.3945,,,,3.3945,,,3.3945
2015-07-10,3.4325,,,,3.4325,,,3.4325
2015-07-09,3.478,,,,3.478,,,3.478
2015-07-08,3.506,,,,3.506,,,3.506
2015-07-07,3.501,,,12350,3.501,,,3.501
2015-07-06,3.507,,,,3.507,,,3.507
2015-07-03,3.5195,,,,3.5195,,,3.5195
2015-07-02,3.502,,,,3.502,,,3.502
2015-07-01,3.489,,,262,3.489,,,3.489
2015-06-30,3.4445,,,,3.4445,,,3.4445
2015-06-29,3.4355,,,,3.4355,,,3.4355
2015-06-26,3.424,,,,3.424,,,3.424
2015-06-25,3.4125,,,,3.4125,,,3.4125
2015-06-24,3.454,,,,3.454,,,3.454
2015-06-23,3.4805,,,42002,3.4805,,,3.4805
2015-06-22,3.449,,,,3.449,,,3.449
2015-06-19,3.472,,,,3.472,,,3.472
2015-06-18,3.4955,,,,3.4955,,,3.4955
2015-06-17,3.5025,,,,3.5025,,,3.5025
2015-06-16,3.4995,,,,3.4995,,,3.4995
2015-06-15,3.4915,,,,3.4915,,,3.4915
2015-06-12,3.524,,,,3.524,,,3.524
2015-06-11,3.5895,,,1198,3.5895,,,3.5895
2015-06-10,3.612,,,,3.612,,,3.612
2015-06-09,3.577,,,,3.577,,,3.577
2015-06-08,3.577,,,,3.577,,,3.577
2015-06-05,3.5995,,,,3.5995,,,3.5995
2015-06-04,3.577,,,1198,3.577,,,3.577
2015-06-03,3.607,,,,3.607,,,3.607
2015-06-02,3.6285,,,,3.6285,,,3.6285
2015-06-01,3.642,,,,3.642,,,3.642
2015-05-29,3.656,,,,3.656,,,3.656
2015-05-28,3.6695,,,,3.6695,,,3.6695
2015-05-27,3.6225,,,,3.6225,,,3.6225
2015-05-26,3.6105,,,,3.6105,,,3.6105
2015-05-22,3.6155,,,,3.6155,,,3.6155
2015-05-21,3.601,,,,3.601,,,3.601
2015-05-20,3.5815,,,,3.5815,,,3.5815
2015-05-19,3.588,,,,3.588,,,3.588
2015-05-18,3.5895,,,20774,3.5895,,,3.5895
2015-05-15,3.603,,,,3.603,,,3.603
2015-05-14,3.6595,,,,3.6595,,,3.6595
2015-05-13,3.6235,,,,3.6235,,,3.6235
2015-05-12,3.585,,,2602,3.585,,,3.585
2015-05-11,3.6255,,,,3.6255,,,3.6255
2015-05-08,3.5995,,,,3.5995,,,3.5995
2015-05-07,3.578,,,1100,3.578,,,3.578
2015-05-06,3.5915,,,,3.5915,,,3.5915
2015-05-05,3.5815,,,666,3.5815,,,3.5815
2015-05-01,3.5335,,,,3.5335,,,3.5335
2015-04-30,3.5575,,,,3.5575,,,3.5575
2015-04-29,3.5515,,,,3.5515,,,3.5515
2015-04-28,3.5435,,,,3.5435,,,3.5435
2015-04-27,3.5335,,,2000,3.5335,,,3.5335
2015-04-24,3.5305,,,,3.5305,,,3.5305
2015-04-23,3.4715,,,,3.4715,,,3.4715
2015-04-22,3.3995,,,,3.3995,,,3.3995
2015-04-21,3.4135,,,6348,3.4135,,,3.4135
2015-04-20,3.4145,,,,3.4145,,,3.4145
2015-04-17,3.503,,,,3.503,,,3.503
2015-04-16,3.496,,,8480,3.496,,,3.496
2015-04-15,3.4895,,,,3.4895,,,3.4895
2015-04-14,3.511,,,,3.511,,,3.511
2015-04-13,3.504,,,434,3.504,,,3.504
2015-04-09,3.499,,,,3.499,,,3.499
2015-04-08,3.5145,,,,3.5145,,,3.5145
2015-04-07,3.4985,,,,3.4985,,,3.4985
2015-04-02,3.5025,,,,3.5025,,,3.5025
2015-04-01,3.4955,,,,3.4955,,,3.4955
2015-03-31,3.541,,,,3.541,,,3.541
2015-03-30,3.4905,,,,3.4905,,,3.4905
2015-03-27,3.4965,,,,3.4965,,,3.4965
2015-03-26,3.484,,,,3.484,,,3.484
2015-03-25,3.47,,,,3.47,,,3.47
2015-03-24,3.5005,,,,3.5005,,,3.5005
2015-03-23,3.471,,,851,3.471,,,3.471
2015-03-20,3.4405,,,15000,3.4405,,,3.4405
2015-03-19,3.449,,,,3.449,,,3.449
2015-03-18,3.425,,,,3.425,,,3.425
2015-03-17,3.4105,,,,3.4105,,,3.4105
2015-03-16,3.3845,,,3502,3.3845,,,3.3845
2015-03-13,3.3845,,,3590,3.3845,,,3.3845
2015-03-12,3.3855,,,850,3.3855,,,3.3855
2015-03-11,3.4485,,,1000,3.4485,,,3.4485
2015-03-10,3.438,,,,3.438,,,3.438
2015-03-09,3.4535,,,,3.4535,,,3.4535
2015-03-06,3.4355,,,,3.4355,,,3.4355
2015-03-05,3.497,,,,3.497,,,3.497
2015-03-04,3.4375,,,,3.4375,,,3.4375
2015-03-03,3.4565,,,,3.4565,,,3.4565
2015-03-02,3.4855,,,,3.4855,,,3.4855
2015-02-27,3.411,,,88,3.411,,,3.411
2015-02-26,3.421,,,,3.421,,,3.421
2015-02-25,3.413,,,,3.413,,,3.413
2015-02-24,3.394,,,2476,3.394,,,3.394
2015-02-23,3.435,,,2275,3.435,,,3.435
2015-02-20,3.4355,,,,3.4355,,,3.4355
2015-02-19,3.432,,,,3.432,,,3.432
2015-02-18,3.3895,,,,3.3895,,,3.3895
2015-02-17,3.395,,,,3.395,,,3.395
2015-02-16,3.443,,,,3.443,,,3.443
2015-02-13,3.4455,,,,3.4455,,,3.4455
2015-02-12,3.388,,,,3.388,,,3.388
2015-02-11,3.403,,,,3.403,,,3.403
2015-02-10,3.459,,,,3.459,,,3.459
2015-02-09,3.4685,,,,3.4685,,,3.4685
2015-02-06,3.419,,,5740,3.419,,,3.419
2015-02-05,3.3965,,,,3.3965,,,3.3965
2015-02-04,3.455,,,,3.455,,,3.455
2015-02-03,3.468,,,,3.468,,,3.468
2015-02-02,3.533,,,,3.533,,,3.533
2015-01-30,3.506,,,,3.506,,,3.506
2015-01-29,3.5655,,,,3.5655,,,3.5655
2015-01-28,3.561,,,390,3.561,,,3.561
2015-01-27,3.5395,,,,3.5395,,,3.5395
2015-01-26,3.4505,,,4490,3.4505,,,3.4505
2015-01-23,3.472,,,600,3.472,,,3.472
2015-01-22,3.591,,,888,3.591,,,3.591
2015-01-21,3.5515,,,,3.5515,,,3.5515
2015-01-20,3.566,,,,3.566,,,3.566
2015-01-19,3.6465,,,1133,3.6465,,,3.6465
2015-01-16,3.617,,,2938,3.617,,,3.617
2015-01-15,3.677,,,205,3.677,,,3.677
2015-01-14,3.693,,,98,3.693,,,3.693
2015-01-13,3.7175,,,,3.7175,,,3.7175
2015-01-07,3.882,,,,3.882,,,3.882
2015-01-06,3.853,,,,3.853,,,3.853
2015-01-05,3.869,,,16000,3.869,,,3.869
2015-01-02,3.8965,,,1000,3.8965,,,3.8965
2014-12-31,3.8855,,,,3.8855,,,3.8855
2014-12-30,3.894,,,2330,3.894,,,3.894
2014-12-29,3.9105,,,,3.9105,,,3.9105
2014-12-24,3.828,,,,3.828,,,3.828
2014-12-23,3.799,,,,3.799,,,3.799
2014-12-22,3.821,,,,3.821,,,3.821
2014-12-19,3.769,,,750,3.769,,,3.769
2014-12-18,3.64,,,495,3.64,,,3.64
2014-12-17,3.7245,,,,3.7245,,,3.7245
2014-12-16,3.785,,,6623,3.785,,,3.785
2014-12-11,3.9075,,,,3.9075,,,3.9075
2014-12-10,3.9225,,,,3.9225,,,3.9225
2014-12-09,3.932,,,20,3.932,,,3.932
2014-12-08,3.9335,,,387,3.9335,,,3.9335
2014-12-04,4.011,,,,4.011,,,4.011
2014-12-03,4.0175,,,,4.0175,,,4.0175
2014-12-02,4.0935,,,,4.0935,,,4.0935
2014-11-28,4.091,,,,4.091,,,4.091
2014-11-27,4.0945,,,,4.0945,,,4.0945
2014-11-26,4.112,,,,4.112,,,4.112
2014-11-25,4.095,,,,4.095,,,4.095
2014-11-24,4.1665,,,2800,4.1665,,,4.1665
2014-11-21,4.15,,,1061,4.15,,,4.15
2014-11-20,4.1265,,,1061,4.1265,,,4.1265
2014-11-19,4.1535,,,,4.1535,,,4.1535
2014-11-18,4.153,,,,4.153,,,4.153
2014-11-17,4.1595,,,,4.1595,,,4.1595
2014-11-14,4.158,,,,4.158,,,4.158
2014-11-13,4.141,,,750,4.141,,,4.141
2014-11-12,4.0955,,,,4.0955,,,4.0955
2014-11-11,4.0805,,,,4.0805,,,4.0805
2014-11-10,4.082,,,,4.082,,,4.082
2014-11-07,4.034,,,,4.034,,,4.034
2014-11-06,4.014,,,,4.014,,,4.014
2014-11-05,4.021,,,,4.021,,,4.021
2014-11-04,4.064,,,,4.064,,,4.064
2014-11-03,4.043,,,5977,4.043,,,4.043
2014-10-31,4.029,,,,4.029,,,4.029
2014-10-30,4.026,,,8540,4.026,,,4.026
2014-10-29,4.064,,,447,4.064,,,4.064
2014-10-28,4.0995,,,,4.0995,,,4.0995
2014-10-27,4.0885,,,,4.0885,,,4.0885
2014-10-24,4.0945,,,16000,4.0945,,,4.0945
2014-10-23,4.08,,,,4.08,,,4.08
2014-10-22,4.0985,,,10000,4.0985,,,4.0985
2014-10-21,4.0965,,,1408,4.0965,,,4.0965
2014-10-20,4.099,,,,4.099,,,4.099
2014-10-17,4.041,,,380,4.041,,,4.041
2014-10-10,4.1275,,,,4.1275,,,4.1275
2014-10-07,4.168,,,500,4.168,,,4.168
2014-10-06,4.1465,,,,4.1465,,,4.1465
2014-10-03,4.1265,,,,4.1265,,,4.1265
2014-10-02,4.137,,,1300,4.137,,,4.137
2014-10-01,4.086,,,2046,4.086,,,4.086
2014-09-29,4.0585,,,1000,4.0585,,,4.0585
2014-09-26,4.0375,,,800,4.0375,,,4.0375
2014-09-25,4.007,,,4000,4.007,,,4.007
2014-09-24,4.0465,,,,4.0465,,,4.0465
2014-09-23,4.0385,,,,4.0385,,,4.0385
2014-09-22,4.0195,,,,4.0195,,,4.0195
2014-09-19,4.0255,,,,4.0255,,,4.0255
2014-09-18,3.982,,,,3.982,,,3.982
2014-09-17,4.0585,,,,4.0585,,,4.0585
2014-09-16,3.998,,,1240,3.998,,,3.998
2014-09-15,4.0365,,,275,4.0365,,,4.0365
2014-09-12,4.0345,,,540,4.0345,,,4.0345
2014-09-11,4.091,,,200,4.091,,,4.091
2014-09-10,4.1045,,,,4.1045,,,4.1045
2014-09-09,4.1,,,500,4.1,,,4.1
2014-09-08,4.086,,,400,4.086,,,4.086
2014-09-05,4.092,,,600,4.092,,,4.092
2014-09-04,4.0225,,,,4.0225,,,4.0225
2014-09-03,3.94,,,,3.94,,,3.94
2014-09-02,3.928,,,2723,3.928,,,3.928
2014-09-01,3.8835,,,,3.8835,,,3.8835
2014-08-29,3.8495,,,,3.8495,,,3.8495
2014-08-27,3.79,,,,3.79,,,3.79
2014-08-26,3.784,,,1962,3.784,,,3.784
2014-08-22,3.736,,,,3.736,,,3.736
2014-08-21,3.682,,,484,3.682,,,3.682
2014-08-20,3.6945,,,,3.6945,,,3.6945
2014-08-19,3.7735,,,,3.7735,,,3.7735
2014-08-18,3.769,,,,3.769,,,3.769
2014-08-14,3.745,,,,3.745,,,3.745
2014-08-13,3.784,,,,3.784,,,3.784
2014-08-12,3.8165,,,,3.8165,,,3.8165
2014-08-11,3.8595,,,,3.8595,,,3.8595
2014-08-08,3.882,,,,3.882,,,3.882
2014-08-07,3.94,,,724,3.94,,,3.94
2014-08-06,3.994,,,,3.994,,,3.994
2014-08-05,4.022,,,,4.022,,,4.022
2014-08-04,4.032,,,,4.032,,,4.032
2014-08-01,3.9975,,,23000,3.9975,,,3.9975
2014-07-31,4.0685,,,,4.0685,,,4.0685
2014-07-30,4.127,,,,4.127,,,4.127
2014-07-29,4.1115,,,3966,4.1115,,,4.1115
2014-07-28,4.14,,,,4.14,,,4.14
2014-07-25,4.1315,,,,4.1315,,,4.1315
2014-07-24,4.1115,,,8000,4.1115,,,4.1115
2014-07-23,4.15,,,,4.15,,,4.15
2014-07-22,4.162,,,8952,4.162,,,4.162
2014-07-21,4.1515,,,1000,4.1515,,,4.1515
2014-07-18,4.143,,,,4.143,,,4.143
2014-07-17,4.115,,,,4.115,,,4.115
2014-07-16,4.1155,,,18561,4.1155,,,4.1155
2014-07-15,4.1205,,,4994,4.1205,,,4.1205
2014-07-14,4.106,,,1848,4.106,,,4.106
2014-07-11,4.0575,,,,4.0575,,,4.0575
2014-07-10,4.094,,,,4.094,,,4.094
2014-07-09,4.186,,,26000,4.186,,,4.186
2014-07-08,4.2205,,,,4.2205,,,4.2205
2014-07-07,4.277,,,,4.277,,,4.277
2014-07-04,4.2455,,,9048,4.2455,,,4.2455
2014-07-03,4.237,,,11566,4.237,,,4.237
2014-07-02,4.175,,,,4.175,,,4.175
2014-07-01,4.1635,,,25989,4.1635,,,4.1635
2014-06-30,4.1815,,,1117,4.1815,,,4.1815
2014-06-27,4.17,,,,4.17,,,4.17
2014-06-26,4.153,,,16427,4.153,,,4.153
2014-06-25,4.135,,,1872,4.135,,,4.135
2014-06-24,4.14,,,,4.14,,,4.14
2014-06-23,4.0735,,,,4.0735,,,4.0735
2014-06-20,4.084,,,,4.084,,,4.084
2014-06-19,4.101,,,,4.101,,,4.101
2014-06-18,4.0315,,,1329,4.0315,,,4.0315
2014-06-17,4.076,,,,4.076,,,4.076
2014-06-16,4.0855,,,369,4.0855,,,4.0855
2014-06-13,4.1085,,,,4.1085,,,4.1085
2014-06-12,4.031,,,,4.031,,,4.031
2014-06-11,4.032,,,13718,4.032,,,4.032
2014-06-10,4.032,,,34878,4.032,,,4.032
2014-06-09,4.03,,,960,4.03,,,4.03
2014-06-06,3.979,,,,3.979,,,3.979
2014-06-05,3.947,,,,3.947,,,3.947
2014-06-04,3.921,,,7100,3.921,,,3.921
2014-06-03,3.93,,,,3.93,,,3.93
2014-06-02,3.887,,,31880,3.887,,,3.887
2014-05-30,3.884,,,,3.884,,,3.884
2014-05-29,3.905,,,,3.905,,,3.905
2014-05-28,3.8655,,,,3.8655,,,3.8655
2014-05-27,3.909,,,,3.909,,,3.909
2014-05-23,3.9175,,,,3.9175,,,3.9175
2014-05-22,3.963,,,,3.963,,,3.963
2014-05-21,3.992,,,,3.992,,,3.992
2014-05-20,3.9835,,,,3.9835,,,3.9835
2014-05-19,3.941,,,,3.941,,,3.941
2014-05-16,3.929,,,,3.929,,,3.929
2014-05-15,3.936,,,,3.936,,,3.936
2014-05-14,3.979,,,,3.979,,,3.979
2014-05-13,3.947,,,,3.947,,,3.947
2014-05-12,3.948,,,,3.948,,,3.948
2014-05-09,3.943,,,,3.943,,,3.943
2014-05-08,3.9375,,,,3.9375,,,3.9375
2014-05-07,3.96,,,,3.96,,,3.96
2014-05-06,3.995,,,,3.995,,,3.995
2014-05-02,3.9785,,,,3.9785,,,3.9785
2014-05-01,3.979,,,,3.979,,,3.979
2014-04-30,3.95,,,,3.95,,,3.95
2014-04-29,3.964,,,,3.964,,,3.964
2014-04-28,3.965,,,,3.965,,,3.965
2014-04-25,3.975,,,,3.975,,,3.975
2014-04-24,3.97,,,,3.97,,,3.97
2014-04-23,3.924,,,,3.924,,,3.924
2014-04-22,3.932,,,11855,3.932,,,3.932
2014-04-17,3.93,,,,3.93,,,3.93
2014-04-16,3.921,,,,3.921,,,3.921
2014-04-15,3.945,,,,3.945,,,3.945
2014-04-14,3.935,,,,3.935,,,3.935
2014-04-11,3.916,,,,3.916,,,3.916
2014-04-10,3.9,,,,3.9,,,3.9
2014-04-09,3.915,,,161575,3.915,,,3.915
2014-04-08,3.875,,,,3.875,,,3.875
2014-04-07,3.886,,,615,3.886,,,3.886
2014-04-04,3.888,,,,3.888,,,3.888
2014-04-03,3.9765,,,1937,3.9765,,,3.9765
2014-04-02,3.985,,,1940,3.985,,,3.985
2014-04-01,4.0185,,,,4.0185,,,4.0185
2014-03-31,4.028,,,,4.028,,,4.028
2014-03-28,4.0785,,,,4.0785,,,4.0785
2014-03-27,4.0725,,,42002,4.0725,,,4.0725
2014-03-26,4.007,,,13130,4.007,,,4.007
2014-03-25,3.962,,,8253,3.962,,,3.962
2014-03-24,4.013,,,128006,4.013,,,4.013
2014-03-21,4.0325,,,23490,4.0325,,,4.0325
2014-03-20,4.066,,,30000,4.066,,,4.066
2014-03-19,4.105,,,,4.105,,,4.105
2014-03-18,4.119,,,1000,4.119,,,4.119
2014-03-17,4.075,,,1390,4.075,,,4.075
2014-03-14,4.034,,,,4.034,,,4.034
2014-03-13,4.012,,,,4.012,,,4.012
2014-03-12,3.9845,,,,3.9845,,,3.9845
2014-03-11,3.963,,,,3.963,,,3.963
2014-03-10,3.962,,,,3.962,,,3.962
2014-03-07,3.923,,,,3.923,,,3.923
2014-03-06,3.9095,,,277533,3.9095,,,3.9095
2014-03-05,3.9185,,,3416,3.9185,,,3.9185
2014-03-04,3.9425,,,18300,3.9425,,,3.9425
2014-03-03,3.891,,,,3.891,,,3.891
2014-02-28,3.833,,,,3.833,,,3.833
2014-02-27,3.831,,,42598,3.831,,,3.831
2014-02-26,3.759,,,982,3.759,,,3.759
2014-02-25,3.718,,,3707,3.718,,,3.718
2014-02-21,3.667,,,7414,3.667,,,3.667
2014-02-19,3.7006,,,4000,3.7006,,,3.7006
2014-02-18,3.68,,,2507,3.68,,,3.68
2014-02-12,3.591,,,108510,3.591,,,3.591
2014-02-11,3.591,,,36170,3.591,,,3.591
2014-02-10,3.614,,,1,3.614,,,3.614
2014-02-06,3.588,,,1,3.588,,,3.588
2014-02-03,3.591,,,9000,3.591,,,3.591
2014-01-13,3.5023,,,1319,3.5023,,,3.5023
2014-01-10,3.511,,,1856,3.511,,,3.511
2014-01-08,3.518,,,2191,3.518,,,3.518
2014-01-06,3.455,,,2190,3.455,,,3.455
2014-01-02,3.455,,,730,3.455,,,3.455
2013-12-13,3.479,,,1,3.479,,,3.479
2013-12-11,3.5044,,,1400,3.5044,,,3.5044
2013-12-09,3.492,,,2350,3.492,,,3.492
2013-12-06,3.49,,,1,3.49,,,3.49
2013-12-05,3.5255,,,150,3.5255,,,3.5255
2013-12-04,3.5323,,,362,3.5323,,,3.5323
2013-12-02,3.556,,,1,3.556,,,3.556
2013-11-27,3.5297,,,2500,3.5297,,,3.5297
2013-11-22,3.506,,,1,3.506,,,3.506
2013-11-19,3.521,,,909,3.521,,,3.521
2013-11-14,3.531,,,13353,3.531,,,3.531
2013-11-13,3.561,,,1,3.561,,,3.561
2013-11-11,3.582,,,13429,3.582,,,3.582
2013-11-08,3.573,,,1,3.573,,,3.573
2013-11-01,3.59,,,1,3.59,,,3.59
2013-10-30,3.6435,,,1,3.6435,,,3.6435
2013-10-29,3.665,,,1,3.665,,,3.665
2013-10-17,3.603,,,3498,3.603,,,3.603
2013-10-16,3.576,,,236670,3.576,,,3.576
2013-10-03,3.549,,,1,3.549,,,3.549
2013-10-02,3.5363,,,145,3.5363,,,3.5363
2013-10-01,3.5345,,,1992,3.5345,,,3.5345
2013-09-30,3.544,,,1992,3.544,,,3.544
2013-09-27,3.571,,,1,3.571,,,3.571
2013-09-20,3.5085,,,1,3.5085,,,3.5085
2013-09-19,3.5316,,,11060,3.5316,,,3.5316
2013-09-16,3.502,,,2044,3.502,,,3.502
2013-09-12,3.515,,,6750,3.515,,,3.515
2013-09-05,3.501,,,5501,3.501,,,3.501
2013-09-03,3.492,,,1799,3.492,,,3.492
2013-09-02,3.494,,,8000,3.494,,,3.494
2013-08-30,3.4845,,,825,3.4845,,,3.4845
2013-08-28,3.4756,,,2260,3.4756,,,3.4756
2013-08-27,3.473,,,200,3.473,,,3.473
2013-08-21,3.4815,,,1,3.4815,,,3.4815
2013-08-19,3.513,,,13553,3.513,,,3.513
2013-08-16,3.5333,,,6778,3.5333,,,3.5333
2013-08-15,3.5333,,,7520,3.5333,,,3.5333
2013-08-14,3.512,,,3001,3.512,,,3.512
2013-08-13,3.4935,,,21001,3.4935,,,3.4935
2013-07-30,3.4015,,,1,3.4015,,,3.4015
2013-07-29,3.4465,,,1,3.4465,,,3.4465
2013-07-24,3.442,,,370,3.442,,,3.442
2013-07-11,3.4457,,,612,3.4457,,,3.4457
2013-07-08,3.458,,,4063,3.458,,,3.458
2013-07-05,3.468,,,3832,3.468,,,3.468
2013-07-04,3.455,,,46500,3.455,,,3.455
2013-07-01,3.4532,,,750,3.4532,,,3.4532
2013-06-28,3.503,,,15080,3.503,,,3.503
2013-06-25,3.465,,,10300,3.465,,,3.465
2013-06-18,3.406,,,30288,3.406,,,3.406
2013-06-13,3.428,,,135,3.428,,,3.428
2013-06-11,3.394,,,683,3.394,,,3.394
2013-06-10,3.388,,,6256,3.388,,,3.388
2013-06-07,3.3835,,,1,3.3835,,,3.3835
2013-05-31,3.3465,,,1,3.3465,,,3.3465
2013-05-28,3.333,,,700,3.333,,,3.333
2013-05-24,3.331,,,4134,3.331,,,3.331
2013-05-20,3.296,,,1296,3.296,,,3.296
2013-05-16,3.335,,,2783,3.335,,,3.335
2013-05-15,3.353,,,2127,3.353,,,3.353
2013-05-08,3.358,,,391,3.358,,,3.358
2013-05-07,3.3577,,,170,3.3577,,,3.3577
2013-05-03,3.404,,,1300,3.404,,,3.404
2013-05-02,3.4185,,,1,3.4185,,,3.4185
2013-05-01,3.384,,,393,3.384,,,3.384
2013-04-29,3.4,,,42914,3.4,,,3.4
2013-04-19,3.343,,,16353,3.343,,,3.343
2013-04-17,3.337,,,2871,3.337,,,3.337
2013-04-16,3.294,,,5300,3.294,,,3.294
2013-04-15,3.2894,,,2500,3.2894,,,3.2894
2013-04-12,3.3216,,,138,3.3216,,,3.3216
2013-04-11,3.331,,,1,3.331,,,3.331
2013-04-08,3.3665,,,1701,3.3665,,,3.3665
2013-04-05,3.3655,,,1,3.3655,,,3.3655
2013-04-04,3.391,,,1751,3.391,,,3.391
2013-04-03,3.3915,,,742,3.3915,,,3.3915
2013-04-02,3.4045,,,2451,3.4045,,,3.4045
2013-03-28,3.3945,,,1,3.3945,,,3.3945
2013-03-27,3.3605,,,4421,3.3605,,,3.3605
2013-03-26,3.3655,,,22047,3.3655,,,3.3655
2013-03-25,3.351,,,52684,3.351,,,3.351
2013-03-22,3.342,,,7672,3.342,,,3.342
2013-03-21,3.355,,,1,3.355,,,3.355
2013-03-20,3.3145,,,17816,3.3145,,,3.3145
2013-03-19,3.3115,,,401,3.3115,,,3.3115
2013-03-18,3.3335,,,1,3.3335,,,3.3335
2013-03-15,3.3345,,,5058,3.3345,,,3.3345
2013-03-14,3.3665,,,1301,3.3665,,,3.3665
2013-03-13,3.4,,,1659,3.4,,,3.4
2013-03-12,3.405,,,1,3.405,,,3.405
2013-03-11,3.3935,,,1,3.3935,,,3.3935
2013-03-08,3.391,,,1,3.391,,,3.391
2013-03-07,3.411,,,1,3.411,,,3.411
2013-03-06,3.3815,,,2939,3.3815,,,3.3815
2013-03-05,3.418,,,1,3.418,,,3.418
2013-03-04,3.4265,,,377,3.4265,,,3.4265
2013-03-01,3.4405,,,1,3.4405,,,3.4405
2013-02-28,3.4335,,,1,3.4335,,,3.4335
2013-02-27,3.4275,,,1,3.4275,,,3.4275
2013-02-26,3.4035,,,439,3.4035,,,3.4035
2013-02-25,3.4105,,,19782,3.4105,,,3.4105
2013-02-22,3.4255,,,2687,3.4255,,,3.4255
2013-02-21,3.4135,,,1,3.4135,,,3.4135
2013-02-20,3.4195,,,1801,3.4195,,,3.4195
2013-02-19,3.4565,,,434,3.4565,,,3.4565
2013-02-18,3.485,,,2801,3.485,,,3.485
2013-02-14,3.4625,,,1,3.4625,,,3.4625
2013-02-13,3.4935,,,2501,3.4935,,,3.4935
2013-02-12,3.489,,,1,3.489,,,3.489
2013-02-11,3.514,,,2501,3.514,,,3.514
2013-02-08,3.5365,,,1,3.5365,,,3.5365
2013-02-07,3.53,,,8895,3.53,,,3.53
2013-02-06,3.5415,,,1,3.5415,,,3.5415
2013-02-05,3.5675,,,1,3.5675,,,3.5675
2013-02-04,3.58,,,1107,3.58,,,3.58
2013-02-01,3.598,,,10276,3.598,,,3.598
2013-01-31,3.6195,,,1,3.6195,,,3.6195
2013-01-30,3.6155,,,1,3.6155,,,3.6155
2013-01-29,3.6105,,,1,3.6105,,,3.6105
